path,type,mode,reported_bytes,reported_git_blob_sha1,commit,content_read_this_turn,exported
.gitattributes,blob,100644,102,4dd9df312a33e6fec8bd17c4f91a86c861a31258,796151a33ec7a1acc026b239fe5c883312ebf40b,False,False
.github/PULL_REQUEST_TEMPLATE.md,blob,100644,1087,96da90f35275d50c5f697badfdc7ab28501353b1,796151a33ec7a1acc026b239fe5c883312ebf40b,False,False
.github/workflows/research-ci.yml,blob,100644,701,16932bc8d74b4c4bbbccf86403991df2aae694aa,796151a33ec7a1acc026b239fe5c883312ebf40b,True,False
.gitignore,blob,100644,182,a2239a95a4a6324f44f9da30426dc8954f7d40a7,796151a33ec7a1acc026b239fe5c883312ebf40b,False,False
AGENTS.md,blob,100644,4381,aadf65132f52b7792bedea5298bbaad4e687be12,796151a33ec7a1acc026b239fe5c883312ebf40b,True,False
KICKOFF.md,blob,100644,2280,93ee6e68dec70597d930559c22b1dd6728bfa4a1,796151a33ec7a1acc026b239fe5c883312ebf40b,False,False
RAG.md,blob,100644,3393,f197da25c50c7cd62ffb13e98cfd543a319a5e5e,796151a33ec7a1acc026b239fe5c883312ebf40b,True,False
README.md,blob,100644,3847,d70beb4fa35154a9887e865e505ad963d66cfe06,796151a33ec7a1acc026b239fe5c883312ebf40b,False,False
docs/AGENT_RUNBOOK.md,blob,100644,5022,7f6895a93a83f6f291141051f70a997f084e5eac,796151a33ec7a1acc026b239fe5c883312ebf40b,True,False
docs/DATA_MODEL.md,blob,100644,6412,ef36ca2e078d7bb676cf90f5c52a65a5149db68b,796151a33ec7a1acc026b239fe5c883312ebf40b,True,True
docs/EXPERIMENTS.md,blob,100644,4688,332a6381d05c05d55a544ce62e088279313da691,796151a33ec7a1acc026b239fe5c883312ebf40b,False,False
docs/HUMAN_GATES.md,blob,100644,3017,d093c45ef67140ebf85633722c82b51ac414b438,796151a33ec7a1acc026b239fe5c883312ebf40b,True,False
docs/PAPER_PLAN.md,blob,100644,5221,d0abc7d14629a2908f06cd56c96ec4f332cffcd0,796151a33ec7a1acc026b239fe5c883312ebf40b,False,False
docs/PROGRAMME.md,blob,100644,7172,5f7bab2ca391d8ac90ce6bd1c762e210783afef4,796151a33ec7a1acc026b239fe5c883312ebf40b,True,False
docs/PROJECT_FOUNDATIONS.md,blob,100644,4924,94a6ec2db8cbd3c90c387e342378791a125b6f65,796151a33ec7a1acc026b239fe5c883312ebf40b,True,False
docs/RESEARCH_INTEGRITY.md,blob,100644,5842,c964f41fd9f4eaf64491c97c941ed3c958a3f528,796151a33ec7a1acc026b239fe5c883312ebf40b,True,False
docs/RESEARCH_PROTOCOL.md,blob,100644,7342,b180fcff00cc7a3cf5abdf3ae3211d28d814e47e,796151a33ec7a1acc026b239fe5c883312ebf40b,True,True
docs/SEARCH_STRATEGY.md,blob,100644,5820,b14275246f8e291faeef246129ad38f2c264952c,796151a33ec7a1acc026b239fe5c883312ebf40b,True,False
docs/SEED_SOURCES.md,blob,100644,6197,905aa3938bad2effcceb3391158a581b5c5c89ba,796151a33ec7a1acc026b239fe5c883312ebf40b,True,True
docs/SYNTHESIS_METHOD.md,blob,100644,6452,cb52e8afbb4f0542a318586dd79e4e38c4037056,796151a33ec7a1acc026b239fe5c883312ebf40b,True,False
docs/VALIDATION.md,blob,100644,3681,888d80ef6df5ad20feb9cba8ff0a21c26cd601ad,796151a33ec7a1acc026b239fe5c883312ebf40b,True,False
programme.json,blob,100644,6932,7b5ac1fc72afa8bb072c4f788b69622a0ee6e933,796151a33ec7a1acc026b239fe5c883312ebf40b,True,False
research/README.md,blob,100644,1794,114aabb29730c54e54e1a14c3ac76743c728bac1,796151a33ec7a1acc026b239fe5c883312ebf40b,True,False
research/templates/README.md,blob,100644,2561,457e6fa5756891b8f0c08c8dcc925e468d327f89,796151a33ec7a1acc026b239fe5c883312ebf40b,True,False
tests/test_validate.py,blob,100644,6599,046e0518dab78695436f4fef4931d3b853ad2976,796151a33ec7a1acc026b239fe5c883312ebf40b,True,True
tools/__init__.py,blob,100644,83,9162149decabaa19771e59083ee1586a20b38e7c,796151a33ec7a1acc026b239fe5c883312ebf40b,True,True
tools/validate.py,blob,100644,7812,bfdf22e230bf29a670513e52b9017e7a21bc2204,796151a33ec7a1acc026b239fe5c883312ebf40b,True,True
