id,anchor,exact_locator,source_claim,source_statement_type,applicability,proposed_repository_action,unresolved_question,relevant_record_families,verification_status,implementation_status,source_url
P01,P,"Statement: Scope of the guideline, paragraphs 1–7; PDF p3",Reporting guidance is not conduct or quality assessment.,guideline scope,Empirical reporting planning; theory uses only justified applicable elements.,"Keep reporting coverage, methodological adequacy, source fidelity and research acceptance as separate states. Do not use checklist completion or green CI as a quality certificate.",What review type and additional conduct guidance fit RQ3?,Assistance/review; claim; protocol,agent_checked: cited passage and/or specified page image; project action provisional; no independent human check,not_implemented,https://link.springer.com/article/10.1186/s13643-021-01626-4
P02,P,"Statement: Scope, paragraph beginning “Furthermore”; checklist 24a–c; expanded p10","Protocol reporting uses PRISMA-P; disclose registration, protocol access and amendments.",reporting recommendation,R002 preparation and later review report; no registration implied.,"Defer PRISMA-P reading. Preserve truthful unregistered/internal-version status; later amendments need date, reason, stage, exposure and affected records. Git identifiers are project provenance, not external preregistration.",Which protocol fields and amendment authority will be accepted after R001?,Amendment; assistance/review; human gate,agent_checked: cited passage and/or specified page image; project action provisional; no independent human check,not_implemented,https://link.springer.com/article/10.1186/s13643-021-01626-4
P03,P,"Statement Box1, PDF p3; Figure1, PDF p8; checklist 16a; expanded p7","Records, reports and studies differ; report selection flow and unretrieved reports.",definitions and reporting recommendation,Empirical evidence flow; theory needs a separately labelled sampling account.,"When R001 exists, reconcile raw hits, deduplicated records, retrieved/unretrieved reports and study identities. Do not manufacture zero-filled completed flow from absent registries; distinguish multi-report studies from duplicate retrievals.","How will publication, report, edition, study, experiment and sample relationships be represented?",Search run/hit; screening; source/publication; study identity,agent_checked: cited passage and/or specified page image; project action provisional; no independent human check,not_implemented,https://link.springer.com/article/10.1186/s13643-021-01626-4
P04,P,"Checklist items5–7, p1; expanded items5–7, pp1–2","Report eligibility, synthesis groups, sources, dates and full search strategies.",reporting recommendation,Empirical rules after transparent pilots; theoretical search rationale remains iterative.,"Keep the 1A six-RQ map and actual channel/access inventory as preparation. Later store exact executable searches, coverage and exclusions separately from the theoretical concept log.","Which populations, tasks, cue comparisons, languages and dates are defensible?",Search run; screening; amendment,agent_checked: cited passage and/or specified page image; project action provisional; no independent human check,not_implemented,https://link.springer.com/article/10.1186/s13643-021-01626-4
P05,P,"Checklist 8–9, p1; expanded 8–9, p3","Disclose selection/extraction actors, independence and automation.",reporting recommendation,"Both tracks, with task-specific verification limits.","Log who or what made each decision, tool/version when known, input and reviewed range, conflicts and checks actually performed. Report absent dual-human screening and distinguish model agreement from independent human review.",What real verification capacity and automation error checks are feasible?,Screening; extraction; assistance/review,agent_checked: cited passage and/or specified page image; project action provisional; no independent human check,not_implemented,https://link.springer.com/article/10.1186/s13643-021-01626-4
P06,P,"Checklist 10a–b, p1; expanded 10a–b, pp3–4; expanded 5, p2","Define outcomes, result selection, assumptions and changes.",reporting recommendation,RQ3 plus empirical components of RQ4/RQ5.,"Specify comprehension, correct action, latency, retention and workload separately. Distinguish unmeasured outcomes from measured-but-unreported results; missingness is not zero. Preserve initial versus revised outcome and result-selection rules.",Which measurements and timepoints answer each question without outcome-driven selection?,Empirical extraction; amendment; appraisal,agent_checked: cited passage and/or specified page image; project action provisional; no independent human check,not_implemented,https://link.springer.com/article/10.1186/s13643-021-01626-4
P07,P,"Checklist 11–15, p1; expanded 13d, p5","Report appraisal, effect measures and justified synthesis methods, including dependence handling.",reporting recommendation,Conditional quantitative and non-pooled empirical work.,"Defer estimator, risk-of-bias and evidence-certainty choices to appropriate guidance. Prespecify per-comparison pooling and non-pooling decisions later; do not treat a generic cue-family label as treatment equivalence.","Which estimands, shared-sample handling and missing-data assumptions are defensible?",Study identity; appraisal; empirical extraction; protocol,agent_checked: cited passage and/or specified page image; project action provisional; no independent human check,not_implemented,https://link.springer.com/article/10.1186/s13643-021-01626-4
P08,P,"Checklist 16b, p2; expanded 16b, p7",Explain exclusions that could appear eligible.,reporting recommendation,Empirical selection transparency; theory needs reasons suited to purposive sampling.,"Retain rule/version and reason with every adjudicated decision; distinguish exclusion from inaccessible, pending or not sampled. Do not retroactively relabel unavailable text as irrelevant.",What reason taxonomy and adjudication procedure avoids conflating access and eligibility?,Screening; source/publication,agent_checked: cited passage and/or specified page image; project action provisional; no independent human check,not_implemented,https://link.springer.com/article/10.1186/s13643-021-01626-4
P09,P,"Checklist 19–23, p2; especially 23b–c",Report results and both evidence and review-process limitations.,reporting recommendation,"Later empirical synthesis and integrated interpretation, not current results.","Keep body-of-evidence certainty distinct from an interface message’s diagnostic certainty and its urgency. Preserve limitations of single-agent preparation, access gaps and domain transfer in any downstream claims.",How will each limitation constrain claim scope rather than become boilerplate?,Claim; appraisal; assistance/review,agent_checked: cited passage and/or specified page image; project action provisional; no independent human check,not_implemented,https://link.springer.com/article/10.1186/s13643-021-01626-4
P10,P,"Checklist 25–27, p2; expanded 25–27, p10","Disclose support, conflicts and materials availability.",reporting recommendation,Current provenance and eventual report/package.,Describe actual AI assistance and project preference; prepare permission-safe derived records and reproducibility code. No source redistribution or external publication follows automatically from checklist advice.,"Which inputs can lawfully be shared, and what must remain access-only?",Assistance/review; source/publication; human gate,agent_checked: cited passage and/or specified page image; project action provisional; no independent human check,not_implemented,https://link.springer.com/article/10.1186/s13643-021-01626-4
S01,S,"Part2: Checklist, paragraphs1–5; Part5: Discussion and conclusions",Apply relevant reporting items; these are not conduct instructions.,guideline scope,"Both tracks’ search reporting, not proof of exhaustive theory retrieval.",Use an applicability ledger with yes/no/not-applicable reasons. Do not require every biomedical database or contact method merely because an item exists.,Which search methods actually serve each RQ?,Search run; protocol,agent_checked: cited passage and/or specified page image; project action provisional; no independent human check,not_implemented,https://link.springer.com/article/10.1186/s13643-020-01542-z
S02,S,"Items1–3: requirement and explanation; Table1, PDF p4","Identify databases, platforms, combined searches and registries.",reporting recommendation,Empirical searches and named theoretical retrieval channels.,Record actual accessible database/interface pairs and individual databases in a multi-database run. A web search directed at a publisher site is not an executed subscription-index search.,Which channel/interface combinations are available without new accounts or payment?,Search run,agent_checked: cited passage and/or specified page image; project action provisional; no independent human check,not_implemented,https://link.springer.com/article/10.1186/s13643-020-01542-z
S03,S,Item4: Web search engines and specific web sites; Conference proceedings,"Describe purposeful browsing, result limits and how searching occurred.",reporting recommendation,"Grey literature, proceedings, author/publisher sites and supplementary retrieval.","Later record native versus general-web interface, exact query, pages/results covered, visible restrictions and any personalization controls actually used. A bounded preview is not a full export.",What coverage limit can be justified and how will access failures be represented?,Search run/hit; source/publication,agent_checked: cited passage and/or specified page image; project action provisional; no independent human check,not_implemented,https://link.springer.com/article/10.1186/s13643-020-01542-z
S04,S,"Items5–7: citation searching, contacts and other methods","Describe citation-search bases, contacts and other retrieval methods.",reporting recommendation,Both tracks; contacts only when separately authorized.,Trace backward/forward citation retrieval to its seed report and platform. Keep serendipitous/prior-known leads visible. Mark contacts not used where none occurred; no outreach is authorized here.,Which seeds and directions are warranted without privileging favourable literature?,Search run/hit; assistance/review; human gate,agent_checked: cited passage and/or specified page image; project action provisional; no independent human check,not_implemented,https://link.springer.com/article/10.1186/s13643-020-01542-z
S05,S,"Item8: requirement and explanation; Table3, PDF p11",Provide exact as-run strategies and durable supplementary search information.,reporting recommendation,Future pilot and production searching; source access metadata now.,"Preserve query text, exported metadata when permitted, dates and versioned manifests. Public exports require rights checks; do not assume abstracts or source texts may be redistributed.",What export granularity and lawful retention are feasible for each platform?,Search run/hit; source/publication,agent_checked: cited passage and/or specified page image; project action provisional; no independent human check,not_implemented,https://link.springer.com/article/10.1186/s13643-020-01542-z
S06,S,"Items9–11: limits/restrictions, search filters and prior work","Disclose limits, filter adaptations and reused search work.",reporting recommendation,Later empirical search design and review-overlap assessment.,"Distinguish eligibility rules, database limits and methodological search filters. Attribute a reused strategy to its origin and record modifications. Do not treat a prior review as independent primary outcome data.",Which limits and filters need justification without excluding contrary results?,Search run; amendment; source/publication,agent_checked: cited passage and/or specified page image; project action provisional; no independent human check,not_implemented,https://link.springer.com/article/10.1186/s13643-020-01542-z
S07,S,Items12–13: Updates and Dates of searches,Report update methods and dates; preserve changed strategy details.,reporting recommendation,"Baseline, pilot revisions and future search refresh.","Store each run’s actual date and linked predecessor; retain old/new strategies and reasons. Distinguish publication cut-off, search date and access date. The current baseline remains 2026-10-04 pending a reasoned amendment.",How will coverage be backfilled after a concept-driven query change?,Search run; amendment,agent_checked: cited passage and/or specified page image; project action provisional; no independent human check,not_implemented,https://link.springer.com/article/10.1186/s13643-020-01542-z
S08,S,"Item14: Peer review, requirement and explanation",Describe actual search-specific peer review.,reporting recommendation,"Future search acceptance, not substitute for scholarly or independent human review.","Record reviewer role, independence, scope, feedback and action only if they exist. Keep PRESS as a deferred lead. A second model pass can be disclosed as another tool check, not a fictional librarian review.","Is genuine search-expert review available, and what limits apply without it?",Assistance/review; human gate,agent_checked: cited passage and/or specified page image; project action provisional; no independent human check,not_implemented,https://link.springer.com/article/10.1186/s13643-020-01542-z
S09,S,"Items15–16; Figure1 caption, PDF p15",Report per-source totals and deduplication procedures.,reporting recommendation,Empirical evidence flow and raw discovery provenance.,"Preserve each duplicate hit’s provenance while counting unique reports and studies correctly. Use PRISMA2020 flow semantics, not the PRISMA2009 example reproduced in this PRISMA-S paper.",How will false duplicate merges and publication families be audited?,Search run/hit; source/publication; study identity,agent_checked: cited passage and/or specified page image; project action provisional; no independent human check,not_implemented,https://link.springer.com/article/10.1186/s13643-020-01542-z
S10,S,"Part5, paragraph beginning “Currently, PRISMA-S does not address…”",Every search-term rationale is not required by PRISMA-S.,explicit limit,Clarifies the basis of this project’s stronger decision audit.,"Continue project-required query/concept rationale and exposure logging, but label it a project safeguard. Do not attribute a complete AI search-development or rationale-recording standard to this source.",What minimum decision trail makes interpretation inspectable without fictitious completeness?,Amendment; assistance/review; search run,agent_checked: cited passage and/or specified page image; project action provisional; no independent human check,not_implemented,https://link.springer.com/article/10.1186/s13643-020-01542-z
C01,C,Background; Methods: Formulating the review question,Interpretive questions can evolve rather than remain fixed hypotheses.,authors’ methodological argument,"RQ1/RQ2 and later conceptual integration, not all empirical eligibility.",Use provisional sensitizing concepts and versioned problem definitions. Preserve rival meanings instead of enforcing the project’s preferred meaning taxonomy before reading primary arguments.,Which concepts are initial retrieval aids rather than inclusion rules?,Theoretical extraction; amendment,agent_checked: cited passage and/or specified page image; project action provisional; no independent human check,not_implemented,https://link.springer.com/article/10.1186/1471-2288-6-35
C02,C,"Methods: Searching the literature; Sampling; Table2, PDF p10",Purposive then theoretical sampling supported concept development.,reported practice and rationale,Conceptual corpus selection with a bounded scope statement.,"Log why a text or edition was added, what argument/negative case it tests and residual gaps. Do not call this an exhaustive systematic census or copy the original project’s sample sizes as a quota.",What operational stopping and negative-case checks are appropriate here?,Source/publication; search run; theoretical extraction; amendment,agent_checked: cited passage and/or specified page image; project action provisional; no independent human check,not_implemented,https://link.springer.com/article/10.1186/1471-2288-6-35
C03,C,"Methods: Determination of quality; Table1, PDF p4",Conceptual relevance and methodological quality informed different judgments.,reported practice and rationale,Theoretical appraisal only after explicit adaptation; empirical appraisal remains distinct.,"Do not install the original five prompts as a universal quality score for books, arguments and experiments. A weak study’s conceptual interest cannot promote its effect estimate to credible performance evidence.",Which theory-fidelity and empirical bias criteria are fit for each source type?,Appraisal; theoretical/empirical extraction; claim,agent_checked: cited passage and/or specified page image; project action provisional; no independent human check,not_implemented,https://link.springer.com/article/10.1186/1471-2288-6-35
C04,C,"Methods: Data extraction, both paragraphs; PDF p4",Formal extraction was incomplete; its value remained unsettled.,reported limitation,Important difference from this repository’s provenance expectations.,"Retain exact locators and separate assertion/interpretation for all load-bearing claims as a stricter project choice. Permit bounded reading notes, but never label unread ranges fully extracted.",What minimal extraction record is sufficient for theory without implying whole-book coverage?,Theoretical extraction; source/publication; assistance/review,agent_checked: cited passage and/or specified page image; project action provisional; no independent human check,not_implemented,https://link.springer.com/article/10.1186/1471-2288-6-35
C05,C,Methods: Conducting an interpretive synthesis; Discussion: CIS,"CIS concerns the review process, not synthesis alone.",authors’ methodological argument,Repository work packages organize labour but cannot erase conceptual iteration.,Allow controlled conceptual feedback to search/selection work after earlier stages; proposals affecting empirical rules need impact assessment and any required reopening/rework. Do not silently bypass the programme dependency gates.,Who can authorize a cross-stage methodological amendment and its rework?,Amendment; assistance/review; protocol,agent_checked: cited passage and/or specified page image; project action provisional; no independent human check,not_implemented,https://link.springer.com/article/10.1186/1471-2288-6-35
C06,C,Methods: Lines of argument synthesis; Refutational syntheses,Synthesising arguments connect constructs; critique includes contradictions.,authors’ methodological argument,"Future interpretation and synthesis, not outcomes produced in 1B.","Separate primary author premises, our reconstruction, cross-source inference and design hypotheses. Record counterarguments and alternatives; do not relabel an engineering preference as a discovered construct or new contribution.",What would genuinely challenge the eventual argument rather than merely decorate it?,Theoretical extraction; appraisal; claim,agent_checked: cited passage and/or specified page image; project action provisional; no independent human check,not_implemented,https://link.springer.com/article/10.1186/1471-2288-6-35
C07,C,"Discussion: Reflections on the method, paragraphs1–3 and7–8",Interpretive products are not inherently reproducible.,authors’ reflexive limit,Bounds any reproducibility claim for the theoretical track.,"Target inspectable provenance, reasons, preserved alternatives and reproducible calculations—not guaranteed identical theory. Describe the limit of an audit trail for intuitive sampling rather than claiming that logging eliminates it.",How will alternative interpretations and sensitivity to source selection be examined?,Assistance/review; theoretical extraction; claim,agent_checked: cited passage and/or specified page image; project action provisional; no independent human check,not_implemented,https://link.springer.com/article/10.1186/1471-2288-6-35
C08,C,"Methods: Formulating the review question, final paragraph; Analysis; Discussion: Reflections",Multidisciplinary deliberation shaped the reported interpretation.,reported practice,Transfer limitation for the present single-assistant preparatory work.,Disclose lack of equivalent disciplinary deliberation and independent human checking. Defer actual expert critique to authorized human gates; model self-checking does not reproduce the original team process.,Which expertise is necessary later for primary-source fidelity and empirical methods?,Assistance/review; human gate,agent_checked: cited passage and/or specified page image; project action provisional; no independent human check,not_implemented,https://link.springer.com/article/10.1186/1471-2288-6-35
