step,route,url,operation,outcome,reading,basis,tool_ref
A01,PUBLISHER,https://www.tandfonline.com/doi/full/10.1080/25742442.2023.2219201,web.open,403 Forbidden,none,repository NEES-LIEBMAN-2023 lead,turn277425view0
A02,ALT1_AUTHOR_LINKED_PREPRINT,https://www.lafayette.edu/our-faculty/people/michael-a-nees/,web.open,HTML accessible; bibliography entry verified,bibliographic entry near line93; relevant author-site link near line87,repository author institutional lead,turn277425view1
A03,ALT1_AUTHOR_LINKED_PREPRINT,https://michael-nees.squarespace.com/,web.click institutional link43,HTML accessible; publications navigation followed,navigation only; no comparator full text,institutional page links this author site,turn695711view0
A04,ALT1_AUTHOR_LINKED_PREPRINT,https://michael-nees.squarespace.com/publications,web.click publications link2,HTML accessible; exact DOI and preprint link observed,"Recent section, Nees/Liebman2023 entry, rendered line26",author-site navigation,turn423489view0
A05,ALT1_AUTHOR_LINKED_PREPRINT,https://psyarxiv.com/g68f5%C2%A0,web.click author preprint link13,403 Forbidden; link contains trailing encoded nonbreaking space,none,actual hyperlink target,turn192733view0
A06,ALT1_AUTHOR_LINKED_PREPRINT,https://psyarxiv.com/g68f5,web.open normalized author link,not accessible via this tool; HTTP status not supplied,none,remove trailing encoded nonbreaking space only,turn507849view0
A07,DISCOVERY_ONLY,"web search: ""g68f5"" ""Nees""; ""10.1080/25742442.2023.2219201"" pdf","one web.search_query batch, two exact-identity queries",found direct preprint download lead and institutional deposit; incidental results not followed,search previews only; not comparator reading or database pilot,identify lawful file/access leads within bounded comparator,turn376834search0;turn376834search4
A08,ALT2_INSTITUTIONAL_DEPOSIT,https://lb.ldr.prod.aws.lafayette.edu/concern/publications/gx41mk40g?locale=en,web.open,502 Bad Gateway,none,exact-DOI search returned Lafayette deposit,turn207409view0
A09,DISCOVERY_ONLY,"web search: ""gx41mk40g"" ""Nees""; domain ldr.lafayette.edu",one exact-handle query,zero results,none,resolve public host for the same institutional deposit,web result: Empty search results
A10,ALT2_INSTITUTIONAL_DEPOSIT,https://ldr.lafayette.edu/concern/publications/gx41mk40g,web.open same deposit at canonical institutional host,403 Forbidden,none,same deposit identifier; host normalization after load-balancer failure,turn323840view0
A11,ALT1_AUTHOR_LINKED_PREPRINT,https://psyarxiv.com/g68f5/download,web.open exact direct-file lead,not accessible via this tool; HTTP status not supplied,none,direct download URL in exact-ID discovery result; final retrieval attempt,turn731426view0
