id,kind,reference_or_path,version_or_pin,exact_locator_or_scope,access_status,reading_status,permitted_claim,verification_actor,notes
PKT-1A,verified_prior_packet,embedded in inputs/MHAC_R002_chunk1B_packet_2026-10-04.zip: inputs/MHAC_R002_chunk1A_packet_2026-10-04.zip,sha256:d515cbebf715bb3f4473663b10217ba61b7770f607f7849ec8f9fe667fac63da,checkpoint; scope/conflict; six-RQ map; coverage and snapshot,restored_hash_verified,selected_artifacts_read,prior scope/method findings with inherited limits,single assistant; no independent human verification,45 members;44 hashes; original unchanged
PKT-1B,verified_prior_packet,inputs/MHAC_R002_chunk1B_packet_2026-10-04.zip,sha256:d2c89ead12ab89e4bb551d4dbb4ff3cfeacbc1b2f7a3490399e22faf56e5176f,checkpoint;28 decisions; adaptation; coverage; open questions; deferred queue,restored_hash_verified,selected_artifacts_read,"prior bounded method findings, not newly verified anchors",single assistant; no independent human verification,33 members;32 hashes; original unchanged;1A nested
AUTH-01,repository_authority,https://github.com/techrote/MachineHumanAudioCybersemiotics/blob/796151a33ec7a1acc026b239fe5c883312ebf40b/AGENTS.md,796151a33ec7a1acc026b239fe5c883312ebf40b; git_blob:aadf65132f52b7792bedea5298bbaad4e687be12,complete returned file,connector_utf8_access,full_file_read,"execution/method-construction authority, not scientific evidence",single assistant; no independent human verification,No full Git tree claimed
AUTH-02,repository_authority,https://github.com/techrote/MachineHumanAudioCybersemiotics/blob/796151a33ec7a1acc026b239fe5c883312ebf40b/docs/AGENT_RUNBOOK.md,796151a33ec7a1acc026b239fe5c883312ebf40b; git_blob:7f6895a93a83f6f291141051f70a997f084e5eac,complete returned file,connector_utf8_access,full_file_read,"execution/method-construction authority, not scientific evidence",single assistant; no independent human verification,No full Git tree claimed
AUTH-03,repository_authority,https://github.com/techrote/MachineHumanAudioCybersemiotics/blob/796151a33ec7a1acc026b239fe5c883312ebf40b/docs/SEED_SOURCES.md,796151a33ec7a1acc026b239fe5c883312ebf40b; git_blob:905aa3938bad2effcceb3391158a581b5c5c89ba,complete returned file,connector_utf8_access,full_file_read,"execution/method-construction authority, not scientific evidence",single assistant; no independent human verification,No full Git tree claimed
AUTH-04,repository_authority,https://github.com/techrote/MachineHumanAudioCybersemiotics/blob/796151a33ec7a1acc026b239fe5c883312ebf40b/docs/SEARCH_STRATEGY.md,796151a33ec7a1acc026b239fe5c883312ebf40b; git_blob:b14275246f8e291faeef246129ad38f2c264952c,complete returned file,connector_utf8_access,full_file_read,"execution/method-construction authority, not scientific evidence",single assistant; no independent human verification,No full Git tree claimed
AUTH-05,repository_authority,https://github.com/techrote/MachineHumanAudioCybersemiotics/blob/796151a33ec7a1acc026b239fe5c883312ebf40b/docs/RESEARCH_PROTOCOL.md,796151a33ec7a1acc026b239fe5c883312ebf40b; git_blob:b180fcff00cc7a3cf5abdf3ae3211d28d814e47e,complete returned file,connector_utf8_access,full_file_read,"execution/method-construction authority, not scientific evidence",single assistant; no independent human verification,No full Git tree claimed
REMOTE-01,remote_observation,https://api.github.com/repos/techrote/MachineHumanAudioCybersemiotics/branches?per_page=100,2026-10-04 bounded snapshot,complete returned collection,connector_access,complete_response_read,visible pin/change/PR state only,single assistant; no independent human verification,Non-atomic; unpublished activity unknown; no CI polling
REMOTE-02,remote_observation,https://api.github.com/repos/techrote/MachineHumanAudioCybersemiotics/issues?state=all&since=2026-10-04T15:53:27Z&per_page=100,2026-10-04 bounded snapshot,complete returned collection,connector_access,complete_response_read,visible pin/change/PR state only,single assistant; no independent human verification,Non-atomic; unpublished activity unknown; no CI polling
REMOTE-03,remote_observation,https://api.github.com/repos/techrote/MachineHumanAudioCybersemiotics/pulls?state=open&per_page=100,2026-10-04 bounded snapshot,complete returned collection,connector_access,complete_response_read,visible pin/change/PR state only,single assistant; no independent human verification,Non-atomic; unpublished activity unknown; no CI polling
META-INST,institutional_bibliography,https://www.lafayette.edu/our-faculty/people/michael-a-nees/,retrieved2026-10-04,Nees–Liebman2023 publication entry; rendered line93; author-site link87,html_available,selected_bibliography_entry,publication identity only,single assistant; no independent human verification,No primary comparator text
META-AUTHOR,author_bibliography,https://michael-nees.squarespace.com/publications,retrieved2026-10-04,"RECENT section,2023 Nees–Liebman entry; rendered line26 and links12/13",html_available,selected_bibliography_entry,identity agreement and preprint access lead,single assistant; no independent human verification,Related to institutional source; not independent source review
CMP-NL2023,primary_comparator,https://doi.org/10.1080/25742442.2023.2219201,2023 published identity; no consulted text version,body/methods/results/tables/discussion unavailable,metadata_only; fulltext_attempts_failed,not_read,title-declared scope only; no source-level results or omissions,single assistant; no independent human verification,No original-byte hash; no full-text redistribution; audit PARTIAL
LEAD-DESOUZA,deferred_comparator_lead,https://mitpress.mit.edu/9780262042208/the-semiotic-engineering-of-human-computer-interaction/,DESOUZA-2005 as named by repository; edition not verified,repository SEED_SOURCES Core and related starting points,not_attempted,not_read,needed follow-up question/source only,single assistant; no independent human verification,Not a second corpus review; no claims about book content
