id,scope_field,current_observation_or_unknown,evidence_locator,needed_source_range,decision_impact,status
U01,Research aims and questions,"Title-declared brief-alert comparison only. Formal research questions, objectives and hypotheses unknown.",Title at institutional2023 entry / author RECENT2023 entry,Abstract and introduction; explicit questions/aims,RQ3 alignment and limits of the comparator,title_metadata_only
U02,Search platforms and coverage,"Unknown: database/interface pairs, supplementary searches, grey literature and language restrictions.",No methods retrieved,Search methods and supplements only if referred to,Cannot claim coverage overlap or missing channels,not_assessed_no_full_text
U03,Search cut-off and dates,Unknown. Publication year2023 cannot stand in for search end date or last update.,Bibliographic year verified; methods unavailable,"Search dates, date restrictions and update statement",No defensible temporal-extension window yet,title_metadata_only
U04,Eligibility and exclusions,"Unknown: population/task/design limits, intervention comparison criteria and exclusion rationale.",No methods retrieved,"Eligibility, screening and exclusion description",No source-level already-addressed/not-covered classification,not_assessed_no_full_text
U05,"Reports, studies, experiments and samples","Unknown counts and identity handling, including repeated measures, overlap/shared controls and independent units.",No methods/results/tables retrieved,"Flow diagram, study table and dependence methods",No inferred study total or independent-sample count,not_assessed_no_full_text
U06,Cue families and treatment definitions,"Title names auditory icons, earcons, spearcons and speech. Operational definitions, hybrids and exact acoustic equivalence unknown.",Verified title only,"Definitions, eligibility and intervention/study table",Cue labels cannot define equivalent treatment conditions,title_metadata_only
U07,Tasks and populations,"Unknown distributions, contexts, hearing/language characteristics, safety domains and ecological validity.",No methods/results/tables retrieved,Study-characteristics table and discussion,No desktop/workshop applicability claim,not_assessed_no_full_text
U08,Outcomes and measurement,"Unknown: recognition, comprehension, correct action, latency, ratings, workload or retention measures actually included.",No methods/results retrieved; discovery previews not promoted,"Outcome definitions, result tables and measurement discussion",No conflation or claim of non-coverage from unseen content,not_assessed_no_full_text
U09,"Training, exposure and follow-up","Unknown: training dose, practice, repetition, retention intervals and learning handling.",No primary sections read,"Study characteristics, moderator/subgroup descriptions and limitations",No assertion that learning/retention is a new extension,not_assessed_no_full_text
U10,Synthesis and estimands,"Title declares meta-analysis; actual estimators, direct/indirect comparisons, grouping, dependence, missingness and heterogeneity methods unknown.",Title only; no synthesis methods read,Analysis methods and sensitivity/heterogeneity reporting,Do not borrow or criticize an unseen estimator,title_metadata_only
U11,Reported findings,"Unknown: direction, magnitude, uncertainty and applicability of comparative results.",No primary results read,"Results, tables/figures, captions and related discussion",No ranking or numerical result reproduced,not_assessed_no_full_text
U12,Stated limitations and recommendations,Unknown. Our access limitation is not the authors' stated review limitation.,No discussion retrieved,"Limitations, conclusion and design recommendations",Strong redundancy objection remains conditional,not_assessed_no_full_text
U13,"Protocol, amendments and verification","Unknown: registration, reporting-guideline use, extraction/screening roles and process changes.",No methods/declarations read,Methods and transparency statements,Cannot declare review compliant/noncompliant or human-verified,not_assessed_no_full_text
U14,"Text version, supplements and corrections","Article identity verified; actual manuscript version, version differences and corrections not assessed.",Author/institution bibliography only,"Readable version label/first page, publication record, and necessary supplements",No superseding-version or full-text hash claim,title_metadata_only
