family,rq_use,contract_fields,current_artifact,accepted_schema,live_record_availability,owner,immediate_use_limit,authority
Source/publication,All,"Documented: Bibliographic roles, edition/version, identifiers, independent metadata/access/reading/rights states",Seed leads and source-note prompts; no SRC records,Absent in pinned main; R001 outstanding,No family instances in pinned tree; not a validated empty register,#1 infrastructure; #2 methodology/pilot; #3–#5 production corpus,Do not turn a seed or resolving identifier into a read or included source.,DOC-07 Record families/Common provenance/Separate statuses; DOC-12; DOC-03; GH-08
Search run,All discovery lanes; especially RQ3,"Documented: Lane, version, pilot/production/update, actual platform/query/filter/date, count/export/hash/pagination/failures",Draft query text and field contract only; no SRCH instances,Absent in pinned main; R001 outstanding,No family instances in pinned tree; not a validated empty register,#1 infrastructure; #2 pilots; #3–#5 production; #17 refresh,No channel has been tested/searched in this chunk; no fabricated completion or hit counts.,DOC-07 Record families/Common provenance/Separate statuses; DOC-12; DOC-03; GH-08
Search hit,All discovery lanes,"Documented: Search association, original identity, canonical source/unresolved identity, duplicate history",No hit exports or HIT records,Absent in pinned main; R001 outstanding,No family instances in pinned tree; not a validated empty register,#1 infrastructure; #2 pilots; #3–#5 production,Several hits can identify one publication; preserve all actual discovery provenance.,DOC-07 Record families/Common provenance/Separate statuses; DOC-12; DOC-03; GH-08
Screening decision,Systematic empirical selection; theoretical selection requires its own declared rationale,"Documented: Source, stage, rule/version, decision/reason, actor/adjudication/access limit",No SCR records or accepted eligibility rules,Absent in pinned main; R001 outstanding,No family instances in pinned tree; not a validated empty register,#1 infrastructure; #2 calibration; #6 production screening,Unavailable text is not an ineligible study; examples below do not constitute screening.,DOC-07 Record families/Common provenance/Separate statuses; DOC-12; DOC-03; GH-08
Study identity,RQ3 and empirical parts of RQ4–RQ5,Documented: Publication/study/experiment/condition/sample identities and overlap/shared controls,No identity ledger or validated STUDY/EXP/SAMPLE records,Absent in pinned main; R001 outstanding,No family instances in pinned tree; not a validated empty register,#1 model; #6 production identity integration,"Publication, study, experiment, condition, outcome and sample counts are not interchangeable.",DOC-07 Record families/Common provenance/Separate statuses; DOC-12; DOC-03; GH-08
Theoretical extraction,RQ1–RQ2; theoretical parts of RQ4–RQ5,"Documented: Source/locator, definitions, assertions, premises/inference, context/objections, separate interpretation/RQ",Source-note prompts only; no TX records,Absent in pinned main; R001 outstanding,No family instances in pinned tree; not a validated empty register,#1 model; #2 calibration later; #7–#8 extraction,No Brier passage was read here; sample questions do not populate an author assertion.,DOC-07 Record families/Common provenance/Separate statuses; DOC-12; DOC-03; GH-08
Empirical extraction,RQ3; empirical parts of RQ4–RQ5,"Documented: Study/outcome/condition/sample, task/stimulus/training/population, estimate/units/dispersion/n/time, missingness/dependence/locator",Extraction field prompts only; no EX records,Absent in pinned main; R001 outstanding,No family instances in pinned tree; not a validated empty register,#1 model; #2 calibration later; #9 extraction,No estimates or participant data; missing values must not become zeros.,DOC-07 Record families/Common provenance/Separate statuses; DOC-12; DOC-03; GH-08
Appraisal,"Theory and empirical tracks, using different criteria","Documented: Target, criterion/domain, judgment/rationale/evidence, assessor/uncertainty",Contract only; no APP instances or operational tools,Absent in pinned main; R001 outstanding,No family instances in pinned tree; not a validated empty register,#1 model; #2 specifies approach; #7–#9 appraisal,Theory fidelity is not an empirical risk-of-bias score; tool/domain selection remains unresolved.,DOC-07 Record families/Common provenance/Separate statuses; DOC-12; DOC-03; GH-08
Claim,All; later RQ6 derivation,"Documented: Class, statement, evidence/argument, boundary/counterargument, inference, lifecycle/verification",Claim classes and field prompts only; no CLM register,Absent in pinned main; R001 outstanding,No family instances in pinned tree; not a validated empty register,#1 model; later analysis owners #7–#11,"Keep source claim, project constraint, interpretation and empirical finding separate; no automatic promotion.",DOC-07 Record families/Common provenance/Separate statuses; DOC-12; DOC-03; GH-08
Design requirement,RQ4–RQ6 downstream,"Documented: Class, scope, supporting claims, mechanism/conditions/risks/test/revision criterion",Provisional dimensions and prompts; no accepted REQ records,Absent in pinned main; R001 outstanding,No family instances in pinned tree; not a validated empty register,#1 model; #12–#13 derived design,A selected project style is not demonstrated performance.,DOC-07 Record families/Common provenance/Separate statuses; DOC-12; DOC-03; GH-08
Experiment protocol,RQ6; prospective test of RQ3–RQ5 hypotheses,"Documented: Hypotheses/estimands/outcomes, manipulations, sampling/randomisation, analysis/exclusion, ethics/readiness",Record contract; programme points to later work; no live experiment protocol,Absent in pinned main; R001 outstanding,No family instances in pinned tree; not a validated empty register,#1 model; #14 preparation; #20 real pilot after gates,"No participant recruitment, study execution or production experiment design in 1A.",DOC-07 Record families/Common provenance/Separate statuses; DOC-12; DOC-03; GH-08
Amendment,All,"Documented: Old/new rule/date/reason/exposure, affected records/claims, rework/verification",Field prompts only; no AMD records or frozen protocol to amend,Absent in pinned main; R001 outstanding,No family instances in pinned tree; not a validated empty register,#1 model; #2 protocol owner; later affected owners,This packet is not a protocol amendment or freeze; future concept changes need impact records.,DOC-07 Record families/Common provenance/Separate statuses; DOC-12; DOC-03; GH-08
Assistance/review,All,Documented: Actual actor/tool/task/date/input/output/verification/independence,"Template; historical AI review exists as GitHub comment, not an AID registry record",Absent in pinned main; R001 outstanding,No family instances in pinned tree; not a validated empty register,#1 model; every later work package supplies records,This packet contains a task disclosure only; it is not a validated live AID record or human review.,DOC-07 Record families/Common provenance/Separate statuses; DOC-12; DOC-03; GH-08
Human gate,Access/permissions where genuinely needed; later RQ6 external/participant work,Documented: Need/reason/remedies/owner action/evidence/completion/stop/status,Gate guidance only; no HG register,Absent in pinned main; R001 outstanding,No family instances in pinned tree; not a validated empty register,#1 model; gate owner by affected task; #19/#20 dedicated extensions,No human action is required to finish this audit or keep 1B preparatory; future critical access may require a gate.,DOC-07 Record families/Common provenance/Separate statuses; DOC-12; DOC-03; GH-08
